Model,Threshold Selection,Repeat,Fold,Prevalence,Recall,Specificity,False Positive Rate,Expected TP per 1M URLs,Expected FP per 1M URLs,Expected FN per 1M URLs,Expected TN per 1M URLs,Expected Alerts per 1M URLs,Projected Precision
XGBoost — Full 16 Features,Default threshold,1,1,0.5,0.970886075949367,0.23008849557522124,0.7699115044247787,485443.0379746835,384955.7522123894,14556.962025316478,115044.24778761061,870398.7901870729,0.5577248537654197
XGBoost — Full 16 Features,Default threshold,1,1,0.1,0.970886075949367,0.23008849557522124,0.7699115044247787,97088.60759493671,692920.3539823008,2911.3924050632954,207079.64601769912,790008.9615772376,0.12289557754016003
XGBoost — Full 16 Features,Default threshold,1,1,0.05,0.970886075949367,0.23008849557522124,0.7699115044247787,48544.303797468354,731415.9292035399,1455.6962025316477,218584.07079646018,779960.2330010082,0.06223946009489128
XGBoost — Full 16 Features,Default threshold,1,1,0.01,0.970886075949367,0.23008849557522124,0.7699115044247787,9708.860759493671,762212.3893805309,291.13924050632954,227787.61061946902,771921.2501400246,0.01257752751039372
XGBoost — Full 16 Features,Default threshold,1,1,0.005,0.970886075949367,0.23008849557522124,0.7699115044247787,4854.430379746836,766061.9469026548,145.56962025316477,228938.05309734514,770916.3772824017,0.0062969610230093264
XGBoost — Full 16 Features,Default threshold,1,1,0.001,0.970886075949367,0.23008849557522124,0.7699115044247787,970.8860759493671,769141.592920354,29.113924050632956,229858.40707964601,770112.4789963034,0.0012607068479330893
XGBoost — Full 16 Features,Validation-selected threshold,1,1,0.5,0.7620253164556962,0.7433628318584071,0.2566371681415929,381012.65822784806,128318.58407079644,118987.34177215192,371681.41592920356,509331.2422986445,0.7480645728864256
XGBoost — Full 16 Features,Validation-selected threshold,1,1,0.1,0.7620253164556962,0.7433628318584071,0.2566371681415929,76202.53164556962,230973.45132743358,23797.468354430384,669026.5486725664,307175.9829730032,0.24807451060477875
XGBoost — Full 16 Features,Validation-selected threshold,1,1,0.05,0.7620253164556962,0.7433628318584071,0.2566371681415929,38101.26582278481,243805.30973451323,11898.734177215192,706194.6902654867,281906.575557298,0.13515564774416075
XGBoost — Full 16 Features,Validation-selected threshold,1,1,0.01,0.7620253164556962,0.7433628318584071,0.2566371681415929,7620.253164556962,254070.79646017693,2379.7468354430384,735929.2035398231,261691.0496247339,0.02911927318677669
XGBoost — Full 16 Features,Validation-selected threshold,1,1,0.005,0.7620253164556962,0.7433628318584071,0.2566371681415929,3810.126582278481,255353.9823008849,1189.8734177215192,739646.0176991151,259164.1088831634,0.01470159814450297
XGBoost — Full 16 Features,Validation-selected threshold,1,1,0.001,0.7620253164556962,0.7433628318584071,0.2566371681415929,762.0253164556962,256380.53097345127,237.97468354430384,742619.4690265487,257142.55628990696,0.0029634352533875244
XGBoost — URL-Only Features,Default threshold,1,1,0.5,0.9974683544303797,0.0,1.0,498734.17721518985,500000.0,1265.8227848101333,0.0,998734.1772151899,0.49936628643852976
XGBoost — URL-Only Features,Default threshold,1,1,0.1,0.9974683544303797,0.0,1.0,99746.83544303797,900000.0,253.16455696202667,0.0,999746.835443038,0.09977209420106355
XGBoost — URL-Only Features,Default threshold,1,1,0.05,0.9974683544303797,0.0,1.0,49873.417721518985,950000.0,126.58227848101333,0.0,999873.417721519,0.0498797316115964
XGBoost — URL-Only Features,Default threshold,1,1,0.01,0.9974683544303797,0.0,1.0,9974.683544303798,990000.0,25.316455696202667,0.0,999974.6835443038,0.009974936074330996
XGBoost — URL-Only Features,Default threshold,1,1,0.005,0.9974683544303797,0.0,1.0,4987.341772151899,995000.0,12.658227848101333,0.0,999987.3417721519,0.004987404903859543
XGBoost — URL-Only Features,Default threshold,1,1,0.001,0.9974683544303797,0.0,1.0,997.4683544303797,999000.0,2.5316455696202667,0.0,999997.4683544304,0.000997470879673113
XGBoost — URL-Only Features,Validation-selected threshold,1,1,0.5,0.6303797468354431,0.9911504424778761,0.008849557522123908,315189.87341772154,4424.778761061953,184810.12658227846,495575.22123893804,319614.6521787835,0.9861558951352867
XGBoost — URL-Only Features,Validation-selected threshold,1,1,0.1,0.6303797468354431,0.9911504424778761,0.008849557522123908,63037.97468354431,7964.601769911516,36962.02531645569,892035.3982300885,71002.57645345583,0.8878265808405905
XGBoost — URL-Only Features,Validation-selected threshold,1,1,0.05,0.6303797468354431,0.9911504424778761,0.008849557522123908,31518.987341772154,8407.079646017712,18481.012658227846,941592.9203539822,39926.06698778986,0.789433814039616
XGBoost — URL-Only Features,Validation-selected threshold,1,1,0.01,0.6303797468354431,0.9911504424778761,0.008849557522123908,6303.797468354431,8761.061946902668,3696.2025316455693,981238.9380530973,15064.859415257099,0.41844382974926353
XGBoost — URL-Only Features,Validation-selected threshold,1,1,0.005,0.6303797468354431,0.9911504424778761,0.008849557522123908,3151.8987341772154,8805.309734513288,1848.1012658227846,986194.6902654867,11957.208468690504,0.2635982087650594
XGBoost — URL-Only Features,Validation-selected threshold,1,1,0.001,0.6303797468354431,0.9911504424778761,0.008849557522123908,630.379746835443,8840.707964601783,369.6202531645569,990159.2920353982,9471.087711437225,0.06655832635508174
XGBoost — Full 16 Features,Default threshold,1,2,0.5,0.9770408163265306,0.21978021978021978,0.7802197802197802,488520.4081632653,390109.89010989014,11479.591836734693,109890.10989010989,878630.2982731555,0.5560022333891681
XGBoost — Full 16 Features,Default threshold,1,2,0.1,0.9770408163265306,0.21978021978021978,0.7802197802197802,97704.08163265306,702197.8021978022,2295.9183673469383,197802.1978021978,799901.8838304552,0.12214508255035204
XGBoost — Full 16 Features,Default threshold,1,2,0.05,0.9770408163265306,0.21978021978021978,0.7802197802197802,48852.04081632653,741208.7912087912,1147.9591836734692,208791.20879120877,790060.8320251177,0.061833265029867246
XGBoost — Full 16 Features,Default threshold,1,2,0.01,0.9770408163265306,0.21978021978021978,0.7802197802197802,9770.408163265307,772417.5824175824,229.59183673469386,217582.41758241758,782187.9905808477,0.012491125254952924
XGBoost — Full 16 Features,Default threshold,1,2,0.005,0.9770408163265306,0.21978021978021978,0.7802197802197802,4885.2040816326535,776318.6813186813,114.79591836734693,218681.3186813187,781203.885400314,0.006253430343769115
XGBoost — Full 16 Features,Default threshold,1,2,0.001,0.9770408163265306,0.21978021978021978,0.7802197802197802,977.0408163265306,779439.5604395604,22.959183673469386,219560.43956043955,780416.601255887,0.0012519477606629918
XGBoost — Full 16 Features,Validation-selected threshold,1,2,0.5,0.8239795918367347,0.7692307692307693,0.23076923076923073,411989.7959183674,115384.61538461536,88010.20408163262,384615.3846153846,527374.4113029827,0.7812093023255815
XGBoost — Full 16 Features,Validation-selected threshold,1,2,0.1,0.8239795918367347,0.7692307692307693,0.23076923076923073,82397.95918367348,207692.30769230766,17602.040816326524,692307.6923076924,290090.2668759811,0.2840424812284381
XGBoost — Full 16 Features,Validation-selected threshold,1,2,0.05,0.8239795918367347,0.7692307692307693,0.23076923076923073,41198.97959183674,219230.7692307692,8801.020408163262,730769.2307692309,260429.74882260594,0.15819613457408735
XGBoost — Full 16 Features,Validation-selected threshold,1,2,0.01,0.8239795918367347,0.7692307692307693,0.23076923076923073,8239.795918367348,228461.5384615384,1760.2040816326526,761538.4615384616,236701.33437990575,0.03481093987050564
XGBoost — Full 16 Features,Validation-selected threshold,1,2,0.005,0.8239795918367347,0.7692307692307693,0.23076923076923073,4119.897959183674,229615.38461538457,880.1020408163263,765384.6153846154,233735.28257456823,0.01762634170504108
XGBoost — Full 16 Features,Validation-selected threshold,1,2,0.001,0.8239795918367347,0.7692307692307693,0.23076923076923073,823.9795918367347,230538.4615384615,176.02040816326524,768461.5384615385,231362.44113029825,0.0035614233140490053
XGBoost — URL-Only Features,Default threshold,1,2,0.5,0.9948979591836735,0.01098901098901099,0.989010989010989,497448.97959183675,494505.49450549454,2551.0204081632405,5494.505494505495,991954.4740973313,0.5014836795252225
XGBoost — URL-Only Features,Default threshold,1,2,0.1,0.9948979591836735,0.01098901098901099,0.989010989010989,99489.79591836735,890109.8901098901,510.20408163264807,9890.10989010989,989599.6860282575,0.10053539559785842
XGBoost — URL-Only Features,Default threshold,1,2,0.05,0.9948979591836735,0.01098901098901099,0.989010989010989,49744.897959183676,939560.4395604396,255.10204081632403,10439.56043956044,989305.3375196232,0.05028265397203214
XGBoost — URL-Only Features,Default threshold,1,2,0.01,0.9948979591836735,0.01098901098901099,0.989010989010989,9948.979591836734,979120.8791208791,51.020408163264804,10879.12087912088,989069.8587127158,0.010058925063984286
XGBoost — URL-Only Features,Default threshold,1,2,0.005,0.9948979591836735,0.01098901098901099,0.989010989010989,4974.489795918367,984065.9340659342,25.510204081632402,10934.065934065935,989040.4238618525,0.005029612213922204
XGBoost — URL-Only Features,Default threshold,1,2,0.001,0.9948979591836735,0.01098901098901099,0.989010989010989,994.8979591836735,988021.978021978,5.102040816326481,10978.02197802198,989016.8759811617,0.0010059463931762311
XGBoost — URL-Only Features,Validation-selected threshold,1,2,0.5,0.6594387755102041,0.9560439560439561,0.04395604395604391,329719.38775510207,21978.021978021956,170280.61224489793,478021.97802197805,351697.409733124,0.9375087180917842
XGBoost — URL-Only Features,Validation-selected threshold,1,2,0.1,0.6594387755102041,0.9560439560439561,0.04395604395604391,65943.87755102041,39560.43956043952,34056.122448979586,860439.5604395604,105504.31711145994,0.6250348739886545
XGBoost — URL-Only Features,Validation-selected threshold,1,2,0.05,0.6594387755102041,0.9560439560439561,0.04395604395604391,32971.93877551021,41758.24175824172,17028.061224489793,908241.7582417583,74730.18053375193,0.44121315564892033
XGBoost — URL-Only Features,Validation-selected threshold,1,2,0.01,0.6594387755102041,0.9560439560439561,0.04395604395604391,6594.387755102041,43516.48351648347,3405.6122448979586,946483.5164835165,50110.871271585514,0.13159595089381879
XGBoost — URL-Only Features,Validation-selected threshold,1,2,0.005,0.6594387755102041,0.9560439560439561,0.04395604395604391,3297.1938775510207,43736.26373626369,1702.8061224489793,951263.7362637363,47033.45761381471,0.07010315730184731
XGBoost — URL-Only Features,Validation-selected threshold,1,2,0.001,0.6594387755102041,0.9560439560439561,0.04395604395604391,659.4387755102041,43912.08791208787,340.56122448979585,955087.9120879121,44571.526687598074,0.01479506816385743
XGBoost — Full 16 Features,Default threshold,1,3,0.5,0.9921052631578947,0.1694915254237288,0.8305084745762712,496052.63157894736,415254.23728813557,3947.368421052644,84745.7627118644,911306.868867083,0.5443310574358221
XGBoost — Full 16 Features,Default threshold,1,3,0.1,0.9921052631578947,0.1694915254237288,0.8305084745762712,99210.52631578947,747457.6271186441,789.4736842105287,152542.37288135593,846668.1534344335,0.11717758122040005
XGBoost — Full 16 Features,Default threshold,1,3,0.05,0.9921052631578947,0.1694915254237288,0.8305084745762712,49605.26315789473,788983.0508474576,394.7368421052644,161016.94915254237,838588.3140053523,0.059153296473885904
XGBoost — Full 16 Features,Default threshold,1,3,0.01,0.9921052631578947,0.1694915254237288,0.8305084745762712,9921.052631578947,822203.3898305085,78.94736842105287,167796.61016949153,832124.4424620875,0.011922558844954204
XGBoost — Full 16 Features,Default threshold,1,3,0.005,0.9921052631578947,0.1694915254237288,0.8305084745762712,4960.526315789473,826355.9322033898,39.473684210526436,168644.06779661015,831316.4585191793,0.005967073386981462
XGBoost — Full 16 Features,Default threshold,1,3,0.001,0.9921052631578947,0.1694915254237288,0.8305084745762712,992.1052631578947,829677.966101695,7.894736842105288,169322.0338983051,830670.0713648528,0.0011943433348065517
XGBoost — Full 16 Features,Validation-selected threshold,1,3,0.5,0.7368421052631579,0.8305084745762712,0.1694915254237288,368421.05263157893,84745.7627118644,131578.94736842107,415254.23728813557,453166.8153434433,0.8129921259842521
XGBoost — Full 16 Features,Validation-selected threshold,1,3,0.1,0.7368421052631579,0.8305084745762712,0.1694915254237288,73684.21052631579,152542.37288135593,26315.789473684214,747457.6271186441,226226.58340767171,0.3257097791798107
XGBoost — Full 16 Features,Validation-selected threshold,1,3,0.05,0.7368421052631579,0.8305084745762712,0.1694915254237288,36842.10526315789,161016.94915254237,13157.894736842107,788983.0508474576,197859.05441570026,0.18620378719567177
XGBoost — Full 16 Features,Validation-selected threshold,1,3,0.01,0.7368421052631579,0.8305084745762712,0.1694915254237288,7368.421052631578,167796.61016949153,2631.5789473684213,822203.3898305085,175165.0312221231,0.042065593807292724
XGBoost — Full 16 Features,Validation-selected threshold,1,3,0.005,0.7368421052631579,0.8305084745762712,0.1694915254237288,3684.210526315789,168644.06779661015,1315.7894736842106,826355.9322033898,172328.27832292594,0.021379024743762295
XGBoost — Full 16 Features,Validation-selected threshold,1,3,0.001,0.7368421052631579,0.8305084745762712,0.1694915254237288,736.8421052631578,169322.0338983051,263.15789473684214,829677.966101695,170058.87600356824,0.004332864726494471
XGBoost — URL-Only Features,Default threshold,1,3,0.5,0.9986842105263158,0.0,1.0,499342.1052631579,500000.0,657.8947368420795,0.0,999342.105263158,0.49967083607636603
XGBoost — URL-Only Features,Default threshold,1,3,0.1,0.9986842105263158,0.0,1.0,99868.42105263159,900000.0,131.57894736841592,0.0,999868.4210526316,0.09988156336360049
XGBoost — URL-Only Features,Default threshold,1,3,0.05,0.9986842105263158,0.0,1.0,49934.210526315794,950000.0,65.78947368420796,0.0,999934.2105263158,0.04993749588788736
XGBoost — URL-Only Features,Default threshold,1,3,0.01,0.9986842105263158,0.0,1.0,9986.842105263158,990000.0,13.157894736841591,0.0,999986.8421052631,0.00998697351280938
XGBoost — URL-Only Features,Default threshold,1,3,0.005,0.9986842105263158,0.0,1.0,4993.421052631579,995000.0,6.5789473684207955,0.0,999993.4210526316,0.004993453904302002
XGBoost — URL-Only Features,Default threshold,1,3,0.001,0.9986842105263158,0.0,1.0,998.6842105263158,999000.0,1.315789473684159,0.0,999998.6842105263,0.0009986855245862167
XGBoost — URL-Only Features,Validation-selected threshold,1,3,0.5,0.6513157894736842,0.9661016949152542,0.03389830508474578,325657.8947368421,16949.152542372893,174342.10526315792,483050.8474576271,342607.04727921495,0.9505288852725794
XGBoost — URL-Only Features,Validation-selected threshold,1,3,0.1,0.6513157894736842,0.9661016949152542,0.03389830508474578,65131.57894736842,30508.474576271205,34868.42105263158,869491.5254237287,95640.05352363962,0.6810073452256032
XGBoost — URL-Only Features,Validation-selected threshold,1,3,0.05,0.6513157894736842,0.9661016949152542,0.03389830508474578,32565.78947368421,32203.389830508495,17434.21052631579,917796.6101694915,64769.1793041927,0.5027976241714727
XGBoost — URL-Only Features,Validation-selected threshold,1,3,0.01,0.6513157894736842,0.9661016949152542,0.03389830508474578,6513.157894736842,33559.32203389832,3486.8421052631584,956440.6779661017,40072.47992863516,0.1625344352617079
XGBoost — URL-Only Features,Validation-selected threshold,1,3,0.005,0.6513157894736842,0.9661016949152542,0.03389830508474578,3256.578947368421,33728.81355932206,1743.4210526315792,961271.186440678,36985.39250669048,0.08805040927385917
XGBoost — URL-Only Features,Validation-selected threshold,1,3,0.001,0.6513157894736842,0.9661016949152542,0.03389830508474578,651.3157894736842,33864.40677966104,348.68421052631584,965135.5932203389,34515.72256913473,0.018870118919547568
XGBoost — Full 16 Features,Default threshold,1,4,0.5,0.9892617449664429,0.11926605504587157,0.8807339449541285,494630.87248322146,440366.97247706424,5369.127516778538,59633.02752293579,934997.8449602857,0.52901819522828
XGBoost — Full 16 Features,Default threshold,1,4,0.1,0.9892617449664429,0.11926605504587157,0.8807339449541285,98926.1744966443,792660.5504587156,1073.8255033557075,107339.44954128441,891586.7249553599,0.11095519003111821
XGBoost — Full 16 Features,Default threshold,1,4,0.05,0.9892617449664429,0.11926605504587157,0.8807339449541285,49463.08724832215,836697.2477064221,536.9127516778537,113302.75229357799,886160.3349547442,0.05581731126664364
XGBoost — Full 16 Features,Default threshold,1,4,0.01,0.9892617449664429,0.11926605504587157,0.8807339449541285,9892.617449664429,871926.6055045872,107.38255033557076,118073.39449541285,881819.2229542516,0.011218418914165192
XGBoost — Full 16 Features,Default threshold,1,4,0.005,0.9892617449664429,0.11926605504587157,0.8807339449541285,4946.3087248322145,876330.2752293579,53.69127516778538,118669.7247706422,881276.5839541901,0.005612663282892048
XGBoost — Full 16 Features,Default threshold,1,4,0.001,0.9892617449664429,0.11926605504587157,0.8807339449541285,989.261744966443,879853.2110091744,10.738255033557076,119146.78899082569,880842.4727541409,0.0011230858814894635
XGBoost — Full 16 Features,Validation-selected threshold,1,4,0.5,0.9959731543624161,0.08256880733944955,0.9174311926605505,497986.577181208,458715.59633027524,2013.4228187919657,41284.40366972477,956702.1735114832,0.5205241411268005
XGBoost — Full 16 Features,Validation-selected threshold,1,4,0.1,0.9959731543624161,0.08256880733944955,0.9174311926605505,99597.31543624161,825688.0733944954,402.6845637583931,74311.92660550459,925285.388830737,0.10763956357519118
XGBoost — Full 16 Features,Validation-selected threshold,1,4,0.05,0.9959731543624161,0.08256880733944955,0.9174311926605505,49798.657718120805,871559.6330275229,201.34228187919655,78440.36697247707,921358.2907456438,0.05404917741372835
XGBoost — Full 16 Features,Validation-selected threshold,1,4,0.01,0.9959731543624161,0.08256880733944955,0.9174311926605505,9959.73154362416,908256.880733945,40.268456375839314,81743.11926605504,918216.6122775692,0.010846821338725046
XGBoost — Full 16 Features,Validation-selected threshold,1,4,0.005,0.9959731543624161,0.08256880733944955,0.9174311926605505,4979.86577181208,912844.0366972478,20.134228187919657,82155.9633027523,917823.9024690598,0.0054257311870127
XGBoost — Full 16 Features,Validation-selected threshold,1,4,0.001,0.9959731543624161,0.08256880733944955,0.9174311926605505,995.973154362416,916513.76146789,4.026845637583931,82486.2385321101,917509.7346222524,0.0010855178062742492
XGBoost — URL-Only Features,Default threshold,1,4,0.5,0.9986577181208054,0.0,1.0,499328.85906040267,500000.0,671.1409395973034,0.0,999328.8590604027,0.4996642041638683
XGBoost — URL-Only Features,Default threshold,1,4,0.1,0.9986577181208054,0.0,1.0,99865.77181208054,900000.0,134.22818791946068,0.0,999865.7718120805,0.09987917841320983
XGBoost — URL-Only Features,Default threshold,1,4,0.05,0.9986577181208054,0.0,1.0,49932.88590604027,950000.0,67.11409395973034,0.0,999932.8859060403,0.04993623733136452
XGBoost — URL-Only Features,Default threshold,1,4,0.01,0.9986577181208054,0.0,1.0,9986.577181208055,990000.0,13.422818791946067,0.0,999986.5771812081,0.009986711231023236
XGBoost — URL-Only Features,Default threshold,1,4,0.005,0.9986577181208054,0.0,1.0,4993.288590604027,995000.0,6.711409395973034,0.0,999993.288590604,0.004993322102832906
XGBoost — URL-Only Features,Default threshold,1,4,0.001,0.9986577181208054,0.0,1.0,998.6577181208054,999000.0,1.3422818791946067,0.0,999998.6577181208,0.000998659058602763
XGBoost — URL-Only Features,Validation-selected threshold,1,4,0.5,0.6496644295302013,0.9541284403669725,0.04587155963302747,324832.2147651007,22935.779816513736,175167.78523489935,477064.2201834863,347767.9945816144,0.9340486181193677
XGBoost — URL-Only Features,Validation-selected threshold,1,4,0.1,0.6496644295302013,0.9541284403669725,0.04587155963302747,64966.44295302013,41284.40366972472,35033.55704697987,858715.5963302753,106250.84662274485,0.611444002735249
XGBoost — URL-Only Features,Validation-selected threshold,1,4,0.05,0.6496644295302013,0.9541284403669725,0.04587155963302747,32483.221476510065,43577.981651376096,17516.778523489935,906422.0183486239,76061.20312788617,0.4270668900923657
XGBoost — URL-Only Features,Validation-selected threshold,1,4,0.01,0.6496644295302013,0.9541284403669725,0.04587155963302747,6496.644295302013,45412.84403669719,3503.3557046979868,944587.1559633028,51909.48833199921,0.1251533101954543
XGBoost — URL-Only Features,Validation-selected threshold,1,4,0.005,0.6496644295302013,0.9541284403669725,0.04587155963302747,3248.3221476510066,45642.20183486233,1751.6778523489934,949357.7981651376,48890.52398251334,0.06644073090345345
XGBoost — URL-Only Features,Validation-selected threshold,1,4,0.001,0.6496644295302013,0.9541284403669725,0.04587155963302747,649.6644295302013,45825.68807339444,350.3355704697987,953174.3119266055,46475.352502924645,0.013978687509456085
XGBoost — Full 16 Features,Default threshold,1,5,0.5,0.9869451697127938,0.14285714285714285,0.8571428571428572,493472.5848563969,428571.4285714286,6527.415143603111,71428.57142857142,922044.0134278254,0.5351941747572816
XGBoost — Full 16 Features,Default threshold,1,5,0.1,0.9869451697127938,0.14285714285714285,0.8571428571428572,98694.51697127937,771428.5714285715,1305.483028720622,128571.42857142857,870123.0883998509,0.11342592592592592
XGBoost — Full 16 Features,Default threshold,1,5,0.05,0.9869451697127938,0.14285714285714285,0.8571428571428572,49347.258485639686,814285.7142857143,652.741514360311,135714.2857142857,863632.972771354,0.05713915522155998
XGBoost — Full 16 Features,Default threshold,1,5,0.01,0.9869451697127938,0.14285714285714285,0.8571428571428572,9869.451697127937,848571.4285714286,130.5483028720622,141428.57142857142,858440.8802685565,0.011496949788831534
XGBoost — Full 16 Features,Default threshold,1,5,0.005,0.9869451697127938,0.14285714285714285,0.8571428571428572,4934.725848563969,852857.142857143,65.2741514360311,142142.85714285713,857791.8687057069,0.00575282423230452
XGBoost — Full 16 Features,Default threshold,1,5,0.001,0.9869451697127938,0.14285714285714285,0.8571428571428572,986.9451697127938,856285.7142857143,13.05483028720622,142714.2857142857,857272.6594554271,0.0011512616888304122
XGBoost — Full 16 Features,Validation-selected threshold,1,5,0.5,0.7806788511749347,0.6938775510204082,0.30612244897959184,390339.4255874674,153061.22448979592,109660.57441253263,346938.7755102041,543400.6500772634,0.7183271229652872
XGBoost — Full 16 Features,Validation-selected threshold,1,5,0.1,0.7806788511749347,0.6938775510204082,0.30612244897959184,78067.88511749347,275510.20408163266,21932.114882506525,624489.7959183673,353578.0891991261,0.22079389957200554
XGBoost — Full 16 Features,Validation-selected threshold,1,5,0.05,0.7806788511749347,0.6938775510204082,0.30612244897959184,39033.942558746734,290816.32653061225,10966.057441253262,659183.6734693877,329850.269089359,0.11833836809201492
XGBoost — Full 16 Features,Validation-selected threshold,1,5,0.01,0.7806788511749347,0.6938775510204082,0.30612244897959184,7806.788511749347,303061.2244897959,2193.2114882506526,686938.775510204,310868.0130015453,0.025112871653702566
XGBoost — Full 16 Features,Validation-selected threshold,1,5,0.005,0.7806788511749347,0.6938775510204082,0.30612244897959184,3903.3942558746735,304591.8367346939,1096.6057441253263,690408.1632653062,308495.2309905686,0.012653013284325323
XGBoost — Full 16 Features,Validation-selected threshold,1,5,0.001,0.7806788511749347,0.6938775510204082,0.30612244897959184,780.6788511749347,305816.32653061225,219.32114882506525,693183.6734693877,306597.0053817872,0.0025462703075093684
XGBoost — URL-Only Features,Default threshold,1,5,0.5,0.9986945169712794,0.0,1.0,499347.2584856397,500000.0,652.7415143602889,0.0,999347.2584856397,0.4996734160679295
XGBoost — URL-Only Features,Default threshold,1,5,0.1,0.9986945169712794,0.0,1.0,99869.45169712794,900000.0,130.54830287205777,0.0,999869.4516971279,0.09988249118683902
XGBoost — URL-Only Features,Default threshold,1,5,0.05,0.9986945169712794,0.0,1.0,49934.72584856397,950000.0,65.27415143602889,0.0,999934.725848564,0.049937985508192444
XGBoost — URL-Only Features,Default threshold,1,5,0.01,0.9986945169712794,0.0,1.0,9986.945169712793,990000.0,13.054830287205776,0.0,999986.9451697128,0.009987075549289156
XGBoost — URL-Only Features,Default threshold,1,5,0.005,0.9986945169712794,0.0,1.0,4993.472584856397,995000.0,6.527415143602888,0.0,999993.4725848564,0.004993505179537725
XGBoost — URL-Only Features,Default threshold,1,5,0.001,0.9986945169712794,0.0,1.0,998.6945169712794,999000.0,1.3054830287205776,0.0,999998.6945169712,0.0009986958207517244
XGBoost — URL-Only Features,Validation-selected threshold,1,5,0.5,0.6892950391644909,0.7755102040816326,0.22448979591836737,344647.51958224544,112244.89795918368,155352.48041775456,387755.10204081633,456892.4175414291,0.7543296985246953
XGBoost — URL-Only Features,Validation-selected threshold,1,5,0.1,0.6892950391644909,0.7755102040816326,0.22448979591836737,68929.50391644909,202040.81632653065,31070.496083550912,697959.1836734693,270970.32024297974,0.254380272550292
XGBoost — URL-Only Features,Validation-selected threshold,1,5,0.05,0.6892950391644909,0.7755102040816326,0.22448979591836737,34464.751958224544,213265.306122449,15535.248041775456,736734.693877551,247730.05808067354,0.13912220513427184
XGBoost — URL-Only Features,Validation-selected threshold,1,5,0.01,0.6892950391644909,0.7755102040816326,0.22448979591836737,6892.950391644908,222244.8979591837,3107.0496083550916,767755.1020408163,229137.8483508286,0.030082111887038597
XGBoost — URL-Only Features,Validation-selected threshold,1,5,0.005,0.6892950391644909,0.7755102040816326,0.22448979591836737,3446.475195822454,223367.34693877553,1553.5248041775458,771632.6530612245,226813.82213459798,0.015195172690036564
XGBoost — URL-Only Features,Validation-selected threshold,1,5,0.001,0.6892950391644909,0.7755102040816326,0.22448979591836737,689.2950391644908,224265.306122449,310.70496083550916,774734.693877551,224954.60116161348,0.003064151769313145
XGBoost — Full 16 Features,Default threshold,2,1,0.5,0.9844155844155844,0.20408163265306123,0.7959183673469388,492207.7922077922,397959.1836734694,7792.207792207795,102040.81632653062,890166.9758812616,0.5529387244685285
XGBoost — Full 16 Features,Default threshold,2,1,0.1,0.9844155844155844,0.20408163265306123,0.7959183673469388,98441.55844155845,716326.5306122449,1558.441558441559,183673.46938775512,814768.0890538034,0.12082156844885691
XGBoost — Full 16 Features,Default threshold,2,1,0.05,0.9844155844155844,0.20408163265306123,0.7959183673469388,49220.77922077922,756122.4489795918,779.2207792207795,193877.55102040817,805343.228200371,0.06111776631035754
XGBoost — Full 16 Features,Default threshold,2,1,0.01,0.9844155844155844,0.20408163265306123,0.7959183673469388,9844.155844155845,787959.1836734693,155.8441558441559,202040.81632653062,797803.3395176252,0.012339075755320734
XGBoost — Full 16 Features,Default threshold,2,1,0.005,0.9844155844155844,0.20408163265306123,0.7959183673469388,4922.077922077922,791938.775510204,77.92207792207795,203061.22448979592,796860.853432282,0.006176834890153385
XGBoost — Full 16 Features,Default threshold,2,1,0.001,0.9844155844155844,0.20408163265306123,0.7959183673469388,984.4155844155844,795122.4489795918,15.58441558441559,203877.55102040817,796106.8645640074,0.0012365369879767402
XGBoost — Full 16 Features,Validation-selected threshold,2,1,0.5,0.6922077922077922,0.8775510204081632,0.12244897959183676,346103.8961038961,61224.48979591838,153896.10389610392,438775.5102040816,407328.3858998145,0.8496925529492142
XGBoost — Full 16 Features,Validation-selected threshold,2,1,0.1,0.6922077922077922,0.8775510204081632,0.12244897959183676,69220.77922077922,110204.08163265308,30779.220779220785,789795.9183673469,179424.8608534323,0.3857925757419088
XGBoost — Full 16 Features,Validation-selected threshold,2,1,0.05,0.6922077922077922,0.8775510204081632,0.12244897959183676,34610.38961038961,116326.53061224493,15389.610389610392,833673.469387755,150936.92022263454,0.22930366910454178
XGBoost — Full 16 Features,Validation-selected threshold,2,1,0.01,0.6922077922077922,0.8775510204081632,0.12244897959183676,6922.077922077921,121224.48979591839,3077.922077922078,868775.5102040817,128146.56771799631,0.054016881180234816
XGBoost — Full 16 Features,Validation-selected threshold,2,1,0.005,0.6922077922077922,0.8775510204081632,0.12244897959183676,3461.0389610389607,121836.73469387757,1538.961038961039,873163.2653061224,125297.77365491653,0.0276225096430766
XGBoost — Full 16 Features,Validation-selected threshold,2,1,0.001,0.6922077922077922,0.8775510204081632,0.12244897959183676,692.2077922077922,122326.53061224493,307.7922077922078,876673.469387755,123018.73840445271,0.005626848406882519
XGBoost — URL-Only Features,Default threshold,2,1,0.5,0.9987012987012988,0.0,1.0,499350.6493506494,500000.0,649.3506493506218,0.0,999350.6493506494,0.4996751137102014
XGBoost — URL-Only Features,Default threshold,2,1,0.1,0.9987012987012988,0.0,1.0,99870.12987012988,900000.0,129.87012987012437,0.0,999870.1298701299,0.09988310170151969
XGBoost — URL-Only Features,Default threshold,2,1,0.05,0.9987012987012988,0.0,1.0,49935.06493506494,950000.0,64.93506493506219,0.0,999935.064935065,0.04993830768231704
XGBoost — URL-Only Features,Default threshold,2,1,0.01,0.9987012987012988,0.0,1.0,9987.012987012988,990000.0,12.987012987012436,0.0,999987.012987013,0.009987142690164808
XGBoost — URL-Only Features,Default threshold,2,1,0.005,0.9987012987012988,0.0,1.0,4993.506493506494,995000.0,6.493506493506218,0.0,999993.5064935065,0.00499353891908389
XGBoost — URL-Only Features,Default threshold,2,1,0.001,0.9987012987012988,0.0,1.0,998.7012987012988,999000.0,1.2987012987012436,0.0,999998.7012987013,0.0009987025957176568
XGBoost — URL-Only Features,Validation-selected threshold,2,1,0.5,0.6493506493506493,0.9591836734693877,0.04081632653061229,324675.32467532466,20408.163265306146,175324.67532467534,479591.83673469385,345083.4879406308,0.9408602150537634
XGBoost — URL-Only Features,Validation-selected threshold,2,1,0.1,0.6493506493506493,0.9591836734693877,0.04081632653061229,64935.06493506493,36734.693877551064,35064.93506493507,863265.306122449,101669.758812616,0.638686131386861
XGBoost — URL-Only Features,Validation-selected threshold,2,1,0.05,0.6493506493506493,0.9591836734693877,0.04081632653061229,32467.532467532466,38775.51020408168,17532.467532467534,911224.4897959183,71243.04267161415,0.4557291666666663
XGBoost — URL-Only Features,Validation-selected threshold,2,1,0.01,0.6493506493506493,0.9591836734693877,0.04081632653061229,6493.506493506494,40408.16326530617,3506.4935064935066,949591.8367346938,46901.66975881266,0.13844936708860747
XGBoost — URL-Only Features,Validation-selected threshold,2,1,0.005,0.6493506493506493,0.9591836734693877,0.04081632653061229,3246.753246753247,40612.24489795923,1753.2467532467533,954387.7551020408,43858.998144712474,0.07402707275803716
XGBoost — URL-Only Features,Validation-selected threshold,2,1,0.001,0.6493506493506493,0.9591836734693877,0.04081632653061229,649.3506493506493,40775.51020408168,350.64935064935065,958224.4897959183,41424.86085343233,0.015675385166606933
XGBoost — Full 16 Features,Default threshold,2,2,0.5,0.9831824062095731,0.13392857142857142,0.8660714285714286,491591.2031047865,433035.7142857143,8408.796895213454,66964.28571428571,924626.9173905009,0.5316643868557972
XGBoost — Full 16 Features,Default threshold,2,2,0.1,0.9831824062095731,0.13392857142857142,0.8660714285714286,98318.24062095731,779464.2857142858,1681.759379042691,120535.71428571428,877782.5263352431,0.11200751629385655
XGBoost — Full 16 Features,Default threshold,2,2,0.05,0.9831824062095731,0.13392857142857142,0.8660714285714286,49159.120310478655,822767.8571428572,840.8796895213455,127232.14285714286,871926.9774533358,0.056379859302047544
XGBoost — Full 16 Features,Default threshold,2,2,0.01,0.9831824062095731,0.13392857142857142,0.8660714285714286,9831.824062095731,857410.7142857143,168.1759379042691,132589.2857142857,867242.53834781,0.011336879393423678
XGBoost — Full 16 Features,Default threshold,2,2,0.005,0.9831824062095731,0.13392857142857142,0.8660714285714286,4915.912031047866,861741.0714285715,84.08796895213455,133258.92857142858,866656.9834596193,0.005672269565548266
XGBoost — Full 16 Features,Default threshold,2,2,0.001,0.9831824062095731,0.13392857142857142,0.8660714285714286,983.1824062095731,865205.3571428572,16.817593790426912,133794.64285714284,866188.5395490667,0.0011350674377675475
XGBoost — Full 16 Features,Validation-selected threshold,2,2,0.5,0.6248382923673997,0.9642857142857143,0.0357142857142857,312419.1461836999,17857.142857142848,187580.85381630014,482142.85714285716,330276.28904084273,0.9459327131566063
XGBoost — Full 16 Features,Validation-selected threshold,2,2,0.1,0.6248382923673997,0.9642857142857143,0.0357142857142857,62483.82923673998,32142.85714285713,37516.17076326002,867857.1428571428,94626.68637959711,0.6603193203456863
XGBoost — Full 16 Features,Validation-selected threshold,2,2,0.05,0.6248382923673997,0.9642857142857143,0.0357142857142857,31241.91461836999,33928.57142857141,18758.08538163001,916071.4285714286,65170.4860469414,0.47938747297153605
XGBoost — Full 16 Features,Validation-selected threshold,2,2,0.01,0.6248382923673997,0.9642857142857143,0.0357142857142857,6248.3829236739975,35357.14285714284,3751.6170763260025,954642.8571428572,41605.52578081684,0.15018156378052444
XGBoost — Full 16 Features,Validation-selected threshold,2,2,0.005,0.6248382923673997,0.9642857142857143,0.0357142857142857,3124.1914618369988,35535.71428571427,1875.8085381630012,959464.2857142857,38659.90574755127,0.08081218516770146
XGBoost — Full 16 Features,Validation-selected threshold,2,2,0.001,0.6248382923673997,0.9642857142857143,0.0357142857142857,624.8382923673997,35678.57142857141,375.16170763260027,963321.4285714286,36303.40972093881,0.0172115593871341
XGBoost — URL-Only Features,Default threshold,2,2,0.5,1.0,0.0,1.0,500000.0,500000.0,0.0,0.0,1000000.0,0.5
XGBoost — URL-Only Features,Default threshold,2,2,0.1,1.0,0.0,1.0,100000.0,900000.0,0.0,0.0,1000000.0,0.1
XGBoost — URL-Only Features,Default threshold,2,2,0.05,1.0,0.0,1.0,50000.0,950000.0,0.0,0.0,1000000.0,0.05
XGBoost — URL-Only Features,Default threshold,2,2,0.01,1.0,0.0,1.0,10000.0,990000.0,0.0,0.0,1000000.0,0.01
XGBoost — URL-Only Features,Default threshold,2,2,0.005,1.0,0.0,1.0,5000.0,995000.0,0.0,0.0,1000000.0,0.005
XGBoost — URL-Only Features,Default threshold,2,2,0.001,1.0,0.0,1.0,1000.0,999000.0,0.0,0.0,1000000.0,0.001
XGBoost — URL-Only Features,Validation-selected threshold,2,2,0.5,0.6209573091849935,0.9553571428571429,0.044642857142857095,310478.65459249675,22321.428571428547,189521.34540750325,477678.5714285715,332800.0831639253,0.9329284164859003
XGBoost — URL-Only Features,Validation-selected threshold,2,2,0.1,0.6209573091849935,0.9553571428571429,0.044642857142857095,62095.73091849935,40178.571428571384,37904.26908150065,859821.4285714286,102274.30234707074,0.6071489073352535
XGBoost — URL-Only Features,Validation-selected threshold,2,2,0.05,0.6209573091849935,0.9553571428571429,0.044642857142857095,31047.865459249675,42410.71428571424,18952.134540750325,907589.2857142858,73458.5797449639,0.42265812335390573
XGBoost — URL-Only Features,Validation-selected threshold,2,2,0.01,0.6209573091849935,0.9553571428571429,0.044642857142857095,6209.573091849935,44196.42857142852,3790.426908150065,945803.5714285715,50406.00166327845,0.1231911456364075
XGBoost — URL-Only Features,Validation-selected threshold,2,2,0.005,0.6209573091849935,0.9553571428571429,0.044642857142857095,3104.7865459249674,44419.64285714281,1895.2134540750326,950580.3571428572,47524.42940306778,0.06533032768457707
XGBoost — URL-Only Features,Validation-selected threshold,2,2,0.001,0.6209573091849935,0.9553571428571429,0.044642857142857095,620.9573091849935,44598.21428571424,379.0426908150065,954401.7857142858,45219.171594899235,0.013732169062005507
XGBoost — Full 16 Features,Default threshold,2,3,0.5,0.9910828025477707,0.22093023255813954,0.7790697674418605,495541.40127388533,389534.88372093026,4458.598726114648,110465.11627906977,885076.2849948156,0.5598855258863794
XGBoost — Full 16 Features,Default threshold,2,3,0.1,0.9910828025477707,0.22093023255813954,0.7790697674418605,99108.28025477707,701162.7906976745,891.7197452229298,198837.2093023256,800271.0709524516,0.12384338738725398
XGBoost — Full 16 Features,Default threshold,2,3,0.05,0.9910828025477707,0.22093023255813954,0.7790697674418605,49554.140127388535,740116.2790697674,445.8598726114649,209883.72093023255,789670.419197156,0.06275293960962772
XGBoost — Full 16 Features,Default threshold,2,3,0.01,0.9910828025477707,0.22093023255813954,0.7790697674418605,9910.828025477707,771279.069767442,89.17197452229297,218720.93023255814,781189.8977929197,0.012686835881363255
XGBoost — Full 16 Features,Default threshold,2,3,0.005,0.9910828025477707,0.22093023255813954,0.7790697674418605,4955.414012738854,775174.4186046512,44.585987261146485,219825.58139534885,780129.8326173901,0.006352037578300388
XGBoost — Full 16 Features,Default threshold,2,3,0.001,0.9910828025477707,0.22093023255813954,0.7790697674418605,991.0828025477707,778290.6976744187,8.917197452229297,220709.3023255814,779281.7804769664,0.0012717900345895032
XGBoost — Full 16 Features,Validation-selected threshold,2,3,0.5,0.756687898089172,0.813953488372093,0.18604651162790697,378343.94904458604,93023.25581395348,121656.05095541399,406976.74418604653,471367.2048585395,0.8026522531581926
XGBoost — Full 16 Features,Validation-selected threshold,2,3,0.1,0.756687898089172,0.813953488372093,0.18604651162790697,75668.78980891721,167441.86046511628,24331.2101910828,732558.1395348837,243110.65027403348,0.31125246764641373
XGBoost — Full 16 Features,Validation-selected threshold,2,3,0.05,0.756687898089172,0.813953488372093,0.18604651162790697,37834.394904458604,176744.18604651163,12165.6050955414,773255.8139534884,214578.58095097024,0.17631953169223125
XGBoost — Full 16 Features,Validation-selected threshold,2,3,0.01,0.756687898089172,0.813953488372093,0.18604651162790697,7566.87898089172,184186.0465116279,2433.1210191082796,805813.9534883721,191752.92549251963,0.039461609054756805
XGBoost — Full 16 Features,Validation-selected threshold,2,3,0.005,0.756687898089172,0.813953488372093,0.18604651162790697,3783.43949044586,185116.27906976745,1216.5605095541398,809883.7209302326,188899.7185602133,0.02002882544920181
XGBoost — Full 16 Features,Validation-selected threshold,2,3,0.001,0.756687898089172,0.813953488372093,0.18604651162790697,756.687898089172,185860.46511627905,243.31210191082798,813139.5348837209,186617.15301436823,0.004054760700539207
XGBoost — URL-Only Features,Default threshold,2,3,0.5,0.9987261146496815,0.0,1.0,499363.05732484075,500000.0,636.9426751592355,0.0,999363.0573248407,0.4996813256851498
XGBoost — URL-Only Features,Default threshold,2,3,0.1,0.9987261146496815,0.0,1.0,99872.61146496815,900000.0,127.38853503184711,0.0,999872.6114649682,0.09988533571155561
XGBoost — URL-Only Features,Default threshold,2,3,0.05,0.9987261146496815,0.0,1.0,49936.30573248408,950000.0,63.694267515923556,0.0,999936.3057324841,0.049939486591502644
XGBoost — URL-Only Features,Default threshold,2,3,0.01,0.9987261146496815,0.0,1.0,9987.261146496816,990000.0,12.73885350318471,0.0,999987.2611464969,0.009987388374374196
XGBoost — URL-Only Features,Default threshold,2,3,0.005,0.9987261146496815,0.0,1.0,4993.630573248408,995000.0,6.369426751592355,0.0,999993.6305732484,0.004993662380015159
XGBoost — URL-Only Features,Default threshold,2,3,0.001,0.9987261146496815,0.0,1.0,998.7261146496816,999000.0,1.273885350318471,0.0,999998.7261146497,0.0009987273869138688
XGBoost — URL-Only Features,Validation-selected threshold,2,3,0.5,0.6484076433121019,0.9418604651162791,0.05813953488372092,324203.8216560509,29069.767441860462,175796.17834394905,470930.23255813954,353273.5890979114,0.9177131596050232
XGBoost — URL-Only Features,Validation-selected threshold,2,3,0.1,0.6484076433121019,0.9418604651162791,0.05813953488372092,64840.764331210186,52325.58139534883,35159.235668789814,847674.4186046511,117166.34572655903,0.5534077548388727
XGBoost — URL-Only Features,Validation-selected threshold,2,3,0.05,0.6484076433121019,0.9418604651162791,0.05813953488372092,32420.382165605093,55232.55813953488,17579.617834394907,894767.4418604651,87652.94030513997,0.36987215777066135
XGBoost — URL-Only Features,Validation-selected threshold,2,3,0.01,0.6484076433121019,0.9418604651162791,0.05813953488372092,6484.076433121018,57558.13953488371,3515.923566878981,932441.8604651163,64042.215968004726,0.10124690932556801
XGBoost — URL-Only Features,Validation-selected threshold,2,3,0.005,0.6484076433121019,0.9418604651162791,0.05813953488372092,3242.038216560509,57848.83720930232,1757.9617834394905,937151.1627906977,61090.87542586283,0.05306910719416523
XGBoost — URL-Only Features,Validation-selected threshold,2,3,0.001,0.6484076433121019,0.9418604651162791,0.05813953488372092,648.4076433121019,58081.3953488372,351.59235668789813,940918.6046511628,58729.8029921493,0.011040521341418048
XGBoost — Full 16 Features,Default threshold,2,4,0.5,0.967741935483871,0.14285714285714285,0.8571428571428572,483870.9677419355,428571.4285714286,16129.032258064502,71428.57142857142,912442.3963133642,0.5303030303030303
XGBoost — Full 16 Features,Default threshold,2,4,0.1,0.967741935483871,0.14285714285714285,0.8571428571428572,96774.1935483871,771428.5714285715,3225.8064516129,128571.42857142857,868202.7649769586,0.11146496815286625
XGBoost — Full 16 Features,Default threshold,2,4,0.05,0.967741935483871,0.14285714285714285,0.8571428571428572,48387.09677419355,814285.7142857143,1612.90322580645,135714.2857142857,862672.8110599079,0.05608974358974359
XGBoost — Full 16 Features,Default threshold,2,4,0.01,0.967741935483871,0.14285714285714285,0.8571428571428572,9677.41935483871,848571.4285714286,322.58064516129,141428.57142857142,858248.8479262673,0.011275773195876288
XGBoost — Full 16 Features,Default threshold,2,4,0.005,0.967741935483871,0.14285714285714285,0.8571428571428572,4838.709677419355,852857.142857143,161.290322580645,142142.85714285713,857695.8525345623,0.005641521598968407
XGBoost — Full 16 Features,Default threshold,2,4,0.001,0.967741935483871,0.14285714285714285,0.8571428571428572,967.741935483871,856285.7142857143,32.258064516129004,142714.2857142857,857253.4562211982,0.0011288865952780286
XGBoost — Full 16 Features,Validation-selected threshold,2,4,0.5,0.9811827956989247,0.11764705882352941,0.8823529411764706,490591.3978494624,441176.4705882353,9408.602150537627,58823.529411764706,931767.8684376976,0.5265167585914299
XGBoost — Full 16 Features,Validation-selected threshold,2,4,0.1,0.9811827956989247,0.11764705882352941,0.8823529411764706,98118.27956989247,794117.6470588235,1881.7204301075253,105882.35294117648,892235.9266287159,0.10996898537882145
XGBoost — Full 16 Features,Validation-selected threshold,2,4,0.05,0.9811827956989247,0.11764705882352941,0.8823529411764706,49059.13978494624,838235.294117647,940.8602150537627,111764.70588235294,887294.4339025932,0.05529071062597461
XGBoost — Full 16 Features,Validation-selected threshold,2,4,0.01,0.9811827956989247,0.11764705882352941,0.8823529411764706,9811.827956989247,873529.4117647059,188.17204301075253,116470.58823529411,883341.2397216952,0.011107630342358468
XGBoost — Full 16 Features,Validation-selected threshold,2,4,0.005,0.9811827956989247,0.11764705882352941,0.8823529411764706,4905.913978494624,877941.1764705882,94.08602150537627,117058.82352941176,882847.0904490828,0.005556923765812158
XGBoost — Full 16 Features,Validation-selected threshold,2,4,0.001,0.9811827956989247,0.11764705882352941,0.8823529411764706,981.1827956989248,881470.5882352941,18.81720430107525,117529.41176470587,882451.771030993,0.0011118826296337776
XGBoost — URL-Only Features,Default threshold,2,4,0.5,0.9946236559139785,0.008403361344537815,0.9915966386554622,497311.82795698923,495798.3193277311,2688.1720430107503,4201.680672268907,993110.1472847203,0.5007620044128017
XGBoost — URL-Only Features,Default threshold,2,4,0.1,0.9946236559139785,0.008403361344537815,0.9915966386554622,99462.36559139784,892436.974789916,537.6344086021501,7563.0252100840335,991899.3403813138,0.10027465645169371
XGBoost — URL-Only Features,Default threshold,2,4,0.05,0.9946236559139785,0.008403361344537815,0.9915966386554622,49731.18279569892,942016.8067226891,268.81720430107504,7983.193277310924,991747.9895183879,0.05014497969373182
XGBoost — URL-Only Features,Default threshold,2,4,0.01,0.9946236559139785,0.008403361344537815,0.9915966386554622,9946.236559139785,981680.6722689075,53.763440860215006,8319.327731092437,991626.9088280473,0.010030220509944338
XGBoost — URL-Only Features,Default threshold,2,4,0.005,0.9946236559139785,0.008403361344537815,0.9915966386554622,4973.118279569892,986638.6554621849,26.881720430107503,8361.344537815126,991611.7737417548,0.005015186801185602
XGBoost — URL-Only Features,Default threshold,2,4,0.001,0.9946236559139785,0.008403361344537815,0.9915966386554622,994.6236559139785,990605.0420168068,5.376344086021501,8394.957983193277,991599.6656727208,0.001003049607967754
XGBoost — URL-Only Features,Validation-selected threshold,2,4,0.5,0.7446236559139785,0.7815126050420168,0.2184873949579832,372311.82795698923,109243.6974789916,127688.17204301075,390756.3025210084,481555.5254359808,0.7731441304092882
XGBoost — URL-Only Features,Validation-selected threshold,2,4,0.1,0.7446236559139785,0.7815126050420168,0.2184873949579832,74462.36559139784,196638.65546218486,25537.63440860215,703361.3445378151,271101.0210535827,0.2746664889051837
XGBoost — URL-Only Features,Validation-selected threshold,2,4,0.05,0.7446236559139785,0.7815126050420168,0.2184873949579832,37231.18279569892,207563.02521008404,12768.817204301075,742436.974789916,244794.20800578297,0.1520917635225233
XGBoost — URL-Only Features,Validation-selected threshold,2,4,0.01,0.7446236559139785,0.7815126050420168,0.2184873949579832,7446.236559139785,216302.52100840336,2553.763440860215,773697.4789915966,223748.75756754316,0.03327945433123572
XGBoost — URL-Only Features,Validation-selected threshold,2,4,0.005,0.7446236559139785,0.7815126050420168,0.2184873949579832,3723.1182795698924,217394.95798319328,1276.8817204301074,777605.0420168068,221118.07626276318,0.016837692976062104
XGBoost — URL-Only Features,Validation-selected threshold,2,4,0.001,0.7446236559139785,0.7815126050420168,0.2184873949579832,744.6236559139785,218268.90756302522,255.3763440860215,780731.0924369748,219013.5312189392,0.0033998979504586296
XGBoost — Full 16 Features,Default threshold,2,5,0.5,0.9922380336351876,0.23684210526315788,0.7631578947368421,496119.0168175938,381578.94736842107,3880.9831824062057,118421.05263157895,877697.9641860148,0.5652502763609565
XGBoost — Full 16 Features,Default threshold,2,5,0.1,0.9922380336351876,0.23684210526315788,0.7631578947368421,99223.80336351876,686842.105263158,776.1966364812412,213157.8947368421,786065.9086266768,0.12622835092399706
XGBoost — Full 16 Features,Default threshold,2,5,0.05,0.9922380336351876,0.23684210526315788,0.7631578947368421,49611.90168175938,725000.0,388.0983182406206,225000.0,774611.9016817594,0.06404743016993028
XGBoost — Full 16 Features,Default threshold,2,5,0.01,0.9922380336351876,0.23684210526315788,0.7631578947368421,9922.380336351876,755526.3157894737,77.61966364812412,234473.6842105263,765448.6961258256,0.012962828712847948
XGBoost — Full 16 Features,Default threshold,2,5,0.005,0.9922380336351876,0.23684210526315788,0.7631578947368421,4961.190168175938,759342.105263158,38.80983182406206,235657.89473684208,764303.295431334,0.006491127537761164
XGBoost — Full 16 Features,Default threshold,2,5,0.001,0.9922380336351876,0.23684210526315788,0.7631578947368421,992.2380336351875,762394.7368421053,7.7619663648124115,236605.26315789472,763386.9748757405,0.0012997838138339968
XGBoost — Full 16 Features,Validation-selected threshold,2,5,0.5,0.7464424320827943,0.7894736842105263,0.21052631578947367,373221.2160413971,105263.15789473684,126778.78395860287,394736.84210526315,478484.373936134,0.7800071149057275
XGBoost — Full 16 Features,Validation-selected threshold,2,5,0.1,0.7464424320827943,0.7894736842105263,0.21052631578947367,74644.24320827943,189473.6842105263,25355.756791720574,710526.3157894737,264117.9274188057,0.2826171019050811
XGBoost — Full 16 Features,Validation-selected threshold,2,5,0.05,0.7464424320827943,0.7894736842105263,0.21052631578947367,37322.12160413971,200000.0,12677.878395860287,750000.0,237322.1216041397,0.15726355955301172
XGBoost — Full 16 Features,Validation-selected threshold,2,5,0.01,0.7464424320827943,0.7894736842105263,0.21052631578947367,7464.424320827942,208421.05263157893,2535.5756791720573,781578.947368421,215885.47695240687,0.0345758520962182
XGBoost — Full 16 Features,Validation-selected threshold,2,5,0.005,0.7464424320827943,0.7894736842105263,0.21052631578947367,3732.212160413971,209473.6842105263,1267.7878395860287,785526.3157894737,213205.89637094026,0.017505201422387432
XGBoost — Full 16 Features,Validation-selected threshold,2,5,0.001,0.7464424320827943,0.7894736842105263,0.21052631578947367,746.4424320827943,210315.78947368418,253.55756791720574,788684.2105263158,211062.23190576697,0.0035365987810460505
XGBoost — URL-Only Features,Default threshold,2,5,0.5,0.9974126778783958,0.008771929824561403,0.9912280701754386,498706.3389391979,495614.03508771927,1293.6610608020871,4385.964912280701,994320.3740269172,0.5015549836512728
XGBoost — URL-Only Features,Default threshold,2,5,0.1,0.9974126778783958,0.008771929824561403,0.9912280701754386,99741.26778783958,892105.2631578947,258.7322121604174,7894.736842105262,991846.5309457344,0.10056119034134788
XGBoost — URL-Only Features,Default threshold,2,5,0.05,0.9974126778783958,0.008771929824561403,0.9912280701754386,49870.63389391979,941666.6666666666,129.3661060802087,8333.333333333332,991537.3005605864,0.050296276162000546
XGBoost — URL-Only Features,Default threshold,2,5,0.01,0.9974126778783958,0.008771929824561403,0.9912280701754386,9974.126778783959,981315.7894736842,25.873221216041742,8684.210526315788,991289.9162524681,0.010061765599806307
XGBoost — URL-Only Features,Default threshold,2,5,0.005,0.9974126778783958,0.008771929824561403,0.9912280701754386,4987.063389391979,986271.9298245613,12.936610608020871,8728.070175438595,991258.9932139533,0.005031039741916946
XGBoost — URL-Only Features,Default threshold,2,5,0.001,0.9974126778783958,0.008771929824561403,0.9912280701754386,997.4126778783958,990236.8421052631,2.587322121604174,8763.157894736842,991234.2547831415,0.0010062330605156557
XGBoost — URL-Only Features,Validation-selected threshold,2,5,0.5,0.6520051746442432,0.9649122807017544,0.03508771929824561,326002.5873221216,17543.859649122805,173997.41267787837,482456.1403508772,343546.4469712444,0.9489330778886172
XGBoost — URL-Only Features,Validation-selected threshold,2,5,0.1,0.6520051746442432,0.9649122807017544,0.03508771929824561,65200.51746442432,31578.94736842105,34799.48253557568,868421.052631579,96779.46483284538,0.6737019839594766
XGBoost — URL-Only Features,Validation-selected threshold,2,5,0.05,0.6520051746442432,0.9649122807017544,0.03508771929824561,32600.25873221216,33333.33333333333,17399.74126778784,916666.6666666666,65933.5920655455,0.4944408109875736
XGBoost — URL-Only Features,Validation-selected threshold,2,5,0.01,0.6520051746442432,0.9649122807017544,0.03508771929824561,6520.051746442432,34736.84210526315,3479.9482535575676,955263.1578947369,41256.89385170559,0.15803544905436182
XGBoost — URL-Only Features,Validation-selected threshold,2,5,0.005,0.6520051746442432,0.9649122807017544,0.03508771929824561,3260.025873221216,34912.28070175438,1739.9741267787838,960087.7192982456,38172.3065749756,0.08540290503059023
XGBoost — URL-Only Features,Validation-selected threshold,2,5,0.001,0.6520051746442432,0.9649122807017544,0.03508771929824561,652.0051746442432,35052.63157894737,347.99482535575675,963947.3684210526,35704.63675359161,0.01826107850204236
XGBoost — Full 16 Features,Default threshold,3,1,0.5,0.9806949806949807,0.2127659574468085,0.7872340425531915,490347.49034749035,393617.02127659577,9652.509652509632,106382.97872340426,883964.5116240862,0.5547140002787974
XGBoost — Full 16 Features,Default threshold,3,1,0.1,0.9806949806949807,0.2127659574468085,0.7872340425531915,98069.49806949808,708510.6382978724,1930.5019305019266,191489.36170212767,806580.1363673705,0.12158680042776392
XGBoost — Full 16 Features,Default threshold,3,1,0.05,0.9806949806949807,0.2127659574468085,0.7872340425531915,49034.74903474904,747872.340425532,965.2509652509633,202127.6595744681,796907.089460281,0.06153132489755947
XGBoost — Full 16 Features,Default threshold,3,1,0.01,0.9806949806949807,0.2127659574468085,0.7872340425531915,9806.949806949808,779361.7021276596,193.05019305019266,210638.29787234042,789168.6519346094,0.01242693787051543
XGBoost — Full 16 Features,Default threshold,3,1,0.005,0.9806949806949807,0.2127659574468085,0.7872340425531915,4903.474903474904,783297.8723404255,96.52509652509633,211702.12765957447,788201.3472439004,0.006221094293508707
XGBoost — Full 16 Features,Default threshold,3,1,0.001,0.9806949806949807,0.2127659574468085,0.7872340425531915,980.6949806949807,786446.8085106383,19.305019305019265,212553.1914893617,787427.5034913333,0.0012454416137952114
XGBoost — Full 16 Features,Validation-selected threshold,3,1,0.5,0.9176319176319176,0.4148936170212766,0.5851063829787234,458815.9588159588,292553.1914893617,41184.041184041176,207446.80851063828,751369.1503053205,0.6106398680721958
XGBoost — Full 16 Features,Validation-selected threshold,3,1,0.1,0.9176319176319176,0.4148936170212766,0.5851063829787234,91763.19176319176,526595.7446808511,8236.808236808236,373404.25531914894,618358.9364440428,0.1483979390528234
XGBoost — Full 16 Features,Validation-selected threshold,3,1,0.05,0.9176319176319176,0.4148936170212766,0.5851063829787234,45881.59588159588,555851.0638297872,4118.404118404118,394148.93617021275,601732.659711383,0.07624913679041898
XGBoost — Full 16 Features,Validation-selected threshold,3,1,0.01,0.9176319176319176,0.4148936170212766,0.5851063829787234,9176.319176319177,579255.3191489362,823.6808236808236,410744.6808510638,588431.6383252554,0.01559453737470005
XGBoost — Full 16 Features,Validation-selected threshold,3,1,0.005,0.9176319176319176,0.4148936170212766,0.5851063829787234,4588.159588159589,582180.8510638298,411.8404118404118,412819.1489361702,586769.0106519895,0.007819362483137013
XGBoost — Full 16 Features,Validation-selected threshold,3,1,0.001,0.9176319176319176,0.4148936170212766,0.5851063829787234,917.6319176319176,584521.2765957447,82.36808236808236,414478.7234042553,585438.9085133766,0.0015674255747061452
XGBoost — URL-Only Features,Default threshold,3,1,0.5,0.9922779922779923,0.0,1.0,496138.99613899615,500000.0,3861.003861003853,0.0,996138.9961389962,0.49806201550387597
XGBoost — URL-Only Features,Default threshold,3,1,0.1,0.9922779922779923,0.0,1.0,99227.79922779923,900000.0,772.2007722007706,0.0,999227.7992277993,0.09930448222565688
XGBoost — URL-Only Features,Default threshold,3,1,0.05,0.9922779922779923,0.0,1.0,49613.899613899615,950000.0,386.1003861003853,0.0,999613.8996138996,0.0496330629586713
XGBoost — URL-Only Features,Default threshold,3,1,0.01,0.9922779922779923,0.0,1.0,9922.779922779922,990000.0,77.22007722007706,0.0,999922.7799227799,0.009923546219785312
XGBoost — URL-Only Features,Default threshold,3,1,0.005,0.9922779922779923,0.0,1.0,4961.389961389961,995000.0,38.61003861003853,0.0,999961.3899613899,0.004961581528244333
XGBoost — URL-Only Features,Default threshold,3,1,0.001,0.9922779922779923,0.0,1.0,992.2779922779923,999000.0,7.722007722007707,0.0,999992.277992278,0.0009922856547154805
XGBoost — URL-Only Features,Validation-selected threshold,3,1,0.5,0.6512226512226512,0.9574468085106383,0.04255319148936165,325611.3256113256,21276.595744680828,174388.67438867438,478723.40425531915,346887.92135600647,0.9386643511209346
XGBoost — URL-Only Features,Validation-selected threshold,3,1,0.1,0.6512226512226512,0.9574468085106383,0.04255319148936165,65122.26512226512,38297.872340425485,34877.73487773488,861702.1276595745,103420.1374626906,0.6296865070959545
XGBoost — URL-Only Features,Validation-selected threshold,3,1,0.05,0.6512226512226512,0.9574468085106383,0.04255319148936165,32561.13256113256,40425.53191489357,17438.86743886744,909574.4680851065,72986.66447602613,0.4461244090943201
XGBoost — URL-Only Features,Validation-selected threshold,3,1,0.01,0.6512226512226512,0.9574468085106383,0.04255319148936165,6512.226512226513,42127.65957446804,3487.773487773488,947872.340425532,48639.88608669455,0.13388654941788472
XGBoost — URL-Only Features,Validation-selected threshold,3,1,0.005,0.6512226512226512,0.9574468085106383,0.04255319148936165,3256.1132561132563,42340.42553191484,1743.886743886744,952659.5744680852,45596.5387880281,0.0714114128541745
XGBoost — URL-Only Features,Validation-selected threshold,3,1,0.001,0.6512226512226512,0.9574468085106383,0.04255319148936165,651.2226512226512,42510.63829787229,348.7773487773488,956489.3617021277,43161.86094909494,0.015087918752870796
XGBoost — Full 16 Features,Default threshold,3,2,0.5,0.9807938540332907,0.14563106796116504,0.854368932038835,490396.9270166453,427184.4660194175,9603.072983354667,72815.53398058252,917581.3930360628,0.5344451519380055
XGBoost — Full 16 Features,Default threshold,3,2,0.1,0.9807938540332907,0.14563106796116504,0.854368932038835,98079.38540332907,768932.0388349515,1920.6145966709332,131067.96116504853,867011.4242382805,0.11312352139938348
XGBoost — Full 16 Features,Default threshold,3,2,0.05,0.9807938540332907,0.14563106796116504,0.854368932038835,49039.692701664535,811650.4854368933,960.3072983354666,138349.5145631068,860690.1781385578,0.05697717244516981
XGBoost — Full 16 Features,Default threshold,3,2,0.01,0.9807938540332907,0.14563106796116504,0.854368932038835,9807.938540332907,845825.2427184467,192.06145966709332,144174.75728155338,855633.1812587796,0.011462784234131487
XGBoost — Full 16 Features,Default threshold,3,2,0.005,0.9807938540332907,0.14563106796116504,0.854368932038835,4903.9692701664535,850097.0873786409,96.03072983354666,144902.91262135922,855001.0566488074,0.005735629484936139
XGBoost — Full 16 Features,Default threshold,3,2,0.001,0.9807938540332907,0.14563106796116504,0.854368932038835,980.7938540332907,853514.5631067962,19.206145966709332,145485.43689320388,854495.3569608296,0.0011478047786259073
XGBoost — Full 16 Features,Validation-selected threshold,3,2,0.5,0.7836107554417413,0.7475728155339806,0.2524271844660194,391805.37772087066,126213.59223300971,108194.62227912935,373786.4077669903,518018.96995388035,0.7563533392527177
XGBoost — Full 16 Features,Validation-selected threshold,3,2,0.1,0.7836107554417413,0.7475728155339806,0.2524271844660194,78361.07554417413,227184.46601941748,21638.92445582587,672815.5339805825,305545.5415635916,0.2564628341266935
XGBoost — Full 16 Features,Validation-selected threshold,3,2,0.05,0.7836107554417413,0.7475728155339806,0.2524271844660194,39180.53777208707,239805.82524271845,10819.462227912934,710194.1747572816,278986.36301480554,0.1404388994096023
XGBoost — Full 16 Features,Validation-selected threshold,3,2,0.01,0.7836107554417413,0.7475728155339806,0.2524271844660194,7836.107554417413,249902.91262135922,2163.892445582587,740097.0873786408,257739.02017577665,0.03040326431392976
XGBoost — Full 16 Features,Validation-selected threshold,3,2,0.005,0.7836107554417413,0.7475728155339806,0.2524271844660194,3918.0537772087064,251165.0485436893,1081.9462227912934,743834.9514563107,255083.102320898,0.01535991110959495
XGBoost — Full 16 Features,Validation-selected threshold,3,2,0.001,0.7836107554417413,0.7475728155339806,0.2524271844660194,783.6107554417413,252174.7572815534,216.3892445582587,746825.2427184467,252958.36803699515,0.0030977854637611285
XGBoost — URL-Only Features,Default threshold,3,2,0.5,1.0,0.009708737864077669,0.9902912621359223,500000.0,495145.63106796116,0.0,4854.368932038835,995145.6310679612,0.5024390243902439
XGBoost — URL-Only Features,Default threshold,3,2,0.1,1.0,0.009708737864077669,0.9902912621359223,100000.0,891262.1359223301,0.0,8737.864077669903,991262.1359223301,0.10088148873653281
XGBoost — URL-Only Features,Default threshold,3,2,0.05,1.0,0.009708737864077669,0.9902912621359223,50000.0,940776.6990291262,0.0,9223.300970873786,990776.6990291262,0.05046545810877021
XGBoost — URL-Only Features,Default threshold,3,2,0.01,1.0,0.009708737864077669,0.9902912621359223,10000.0,980388.3495145631,0.0,9611.650485436892,990388.3495145631,0.010097049308891284
XGBoost — URL-Only Features,Default threshold,3,2,0.005,1.0,0.009708737864077669,0.9902912621359223,5000.0,985339.8058252428,0.0,9660.19417475728,990339.8058252428,0.005048772119013774
XGBoost — URL-Only Features,Default threshold,3,2,0.001,1.0,0.009708737864077669,0.9902912621359223,1000.0,989300.9708737864,0.0,9699.02912621359,990300.9708737864,0.001009794021627239
XGBoost — URL-Only Features,Validation-selected threshold,3,2,0.5,0.6069142125480154,0.970873786407767,0.029126213592232997,303457.1062740077,14563.106796116499,196542.89372599233,485436.8932038835,318020.2130701242,0.9542069774259748
XGBoost — URL-Only Features,Validation-selected threshold,3,2,0.1,0.6069142125480154,0.970873786407767,0.029126213592232997,60691.421254801535,26213.5922330097,39308.578745198465,873786.4077669902,86905.01348781123,0.6983650173797367
XGBoost — URL-Only Features,Validation-selected threshold,3,2,0.05,0.6069142125480154,0.970873786407767,0.029126213592232997,30345.710627400767,27669.902912621346,19654.289372599233,922330.0970873786,58015.61354002211,0.5230610998617943
XGBoost — URL-Only Features,Validation-selected threshold,3,2,0.01,0.6069142125480154,0.970873786407767,0.029126213592232997,6069.1421254801535,28834.951456310668,3930.8578745198465,961165.0485436893,34904.09358179082,0.17388052525295702
XGBoost — URL-Only Features,Validation-selected threshold,3,2,0.005,0.6069142125480154,0.970873786407767,0.029126213592232997,3034.5710627400767,28980.58252427183,1965.4289372599233,966019.4174757282,32015.153587011908,0.09478546009447099
XGBoost — URL-Only Features,Validation-selected threshold,3,2,0.001,0.6069142125480154,0.970873786407767,0.029126213592232997,606.9142125480154,29097.087378640765,393.08578745198463,969902.9126213592,29704.00159118878,0.020432069082841918
XGBoost — Full 16 Features,Default threshold,3,3,0.5,0.9907038512616202,0.14814814814814814,0.8518518518518519,495351.9256308101,425925.92592592596,4648.074369189903,74074.07407407407,921277.851556736,0.537679186353808
XGBoost — Full 16 Features,Default threshold,3,3,0.1,0.9907038512616202,0.14814814814814814,0.8518518518518519,99070.38512616201,766666.6666666666,929.6148738379806,133333.3333333333,865737.0517928286,0.11443472925295291
XGBoost — Full 16 Features,Default threshold,3,3,0.05,0.9907038512616202,0.14814814814814814,0.8518518518518519,49535.19256308101,809259.2592592592,464.8074369189903,140740.74074074073,858794.4518223403,0.057679916839202414
XGBoost — Full 16 Features,Default threshold,3,3,0.01,0.9907038512616202,0.14814814814814814,0.8518518518518519,9907.038512616202,843333.3333333334,92.96148738379806,146666.66666666666,853240.3718459496,0.011611075658765117
XGBoost — Full 16 Features,Default threshold,3,3,0.005,0.9907038512616202,0.14814814814814814,0.8518518518518519,4953.519256308101,847592.5925925926,46.48074369189903,147407.4074074074,852546.1118489007,0.005810265494690366
XGBoost — Full 16 Features,Default threshold,3,3,0.001,0.9907038512616202,0.14814814814814814,0.8518518518518519,990.7038512616202,851000.0,9.296148738379806,148000.0,851990.7038512616,0.0011628106348852544
XGBoost — Full 16 Features,Validation-selected threshold,3,3,0.5,0.7689243027888446,0.8333333333333334,0.16666666666666663,384462.1513944223,83333.33333333331,115537.8486055777,416666.6666666667,467795.4847277556,0.8218594748048261
XGBoost — Full 16 Features,Validation-selected threshold,3,3,0.1,0.7689243027888446,0.8333333333333334,0.16666666666666663,76892.43027888447,149999.99999999997,23107.56972111554,750000.0,226892.43027888442,0.3388937664618087
XGBoost — Full 16 Features,Validation-selected threshold,3,3,0.05,0.7689243027888446,0.8333333333333334,0.16666666666666663,38446.21513944223,158333.33333333328,11553.78486055777,791666.6666666667,196779.54847277552,0.19537708790281766
XGBoost — Full 16 Features,Validation-selected threshold,3,3,0.01,0.7689243027888446,0.8333333333333334,0.16666666666666663,7689.243027888446,164999.99999999997,2310.7569721115538,825000.0,172689.2430278884,0.044526473641711854
XGBoost — Full 16 Features,Validation-selected threshold,3,3,0.005,0.7689243027888446,0.8333333333333334,0.16666666666666663,3844.621513944223,165833.33333333328,1155.3784860557769,829166.6666666667,169677.95484727752,0.022658344258125112
XGBoost — Full 16 Features,Validation-selected threshold,3,3,0.001,0.7689243027888446,0.8333333333333334,0.16666666666666663,768.9243027888446,166499.99999999997,231.0756972111554,832500.0,167268.92430278883,0.004596934583000869
XGBoost — URL-Only Features,Default threshold,3,3,0.5,1.0,0.0,1.0,500000.0,500000.0,0.0,0.0,1000000.0,0.5
XGBoost — URL-Only Features,Default threshold,3,3,0.1,1.0,0.0,1.0,100000.0,900000.0,0.0,0.0,1000000.0,0.1
XGBoost — URL-Only Features,Default threshold,3,3,0.05,1.0,0.0,1.0,50000.0,950000.0,0.0,0.0,1000000.0,0.05
XGBoost — URL-Only Features,Default threshold,3,3,0.01,1.0,0.0,1.0,10000.0,990000.0,0.0,0.0,1000000.0,0.01
XGBoost — URL-Only Features,Default threshold,3,3,0.005,1.0,0.0,1.0,5000.0,995000.0,0.0,0.0,1000000.0,0.005
XGBoost — URL-Only Features,Default threshold,3,3,0.001,1.0,0.0,1.0,1000.0,999000.0,0.0,0.0,1000000.0,0.001
XGBoost — URL-Only Features,Validation-selected threshold,3,3,0.5,0.6746347941567065,0.9722222222222222,0.02777777777777779,337317.3970783532,13888.888888888896,162682.60292164676,486111.1111111111,351206.2859672421,0.9604537576807941
XGBoost — URL-Only Features,Validation-selected threshold,3,3,0.1,0.6746347941567065,0.9722222222222222,0.02777777777777779,67463.47941567065,25000.00000000001,32536.520584329355,875000.0,92463.47941567066,0.7296229802513464
XGBoost — URL-Only Features,Validation-selected threshold,3,3,0.05,0.6746347941567065,0.9722222222222222,0.02777777777777779,33731.739707835324,26388.8888888889,16268.260292164678,923611.1111111111,60120.62859672423,0.561067648412333
XGBoost — URL-Only Features,Validation-selected threshold,3,3,0.01,0.6746347941567065,0.9722222222222222,0.02777777777777779,6746.3479415670645,27500.00000000001,3253.6520584329355,962500.0,34246.34794156707,0.19699466795928253
XGBoost — URL-Only Features,Validation-selected threshold,3,3,0.005,0.6746347941567065,0.9722222222222222,0.02777777777777779,3373.1739707835322,27638.8888888889,1626.8260292164678,967361.1111111111,31012.062859672435,0.10876973860290833
XGBoost — URL-Only Features,Validation-selected threshold,3,3,0.001,0.6746347941567065,0.9722222222222222,0.02777777777777779,674.6347941567064,27750.00000000001,325.36520584329355,971250.0,28424.63479415672,0.023734158733866716
XGBoost — Full 16 Features,Default threshold,3,4,0.5,0.9908735332464146,0.16260162601626016,0.8373983739837398,495436.7666232073,418699.18699186994,4563.233376792708,81300.81300813008,914135.9536150773,0.5419727390263275
XGBoost — Full 16 Features,Default threshold,3,4,0.1,0.9908735332464146,0.16260162601626016,0.8373983739837398,99087.35332464146,753658.5365853659,912.6466753585416,146341.46341463414,852745.8899100074,0.11619798406193248
XGBoost — Full 16 Features,Default threshold,3,4,0.05,0.9908735332464146,0.16260162601626016,0.8373983739837398,49543.67666232073,795528.4552845529,456.3233376792708,154471.54471544715,845072.1319468736,0.058626565460373446
XGBoost — Full 16 Features,Default threshold,3,4,0.01,0.9908735332464146,0.16260162601626016,0.8373983739837398,9908.735332464146,829024.3902439025,91.26466753585416,160975.60975609755,838933.1255763666,0.011811114653097783
XGBoost — Full 16 Features,Default threshold,3,4,0.005,0.9908735332464146,0.16260162601626016,0.8373983739837398,4954.367666232073,833211.3821138211,45.63233376792708,161788.61788617886,838165.7497800532,0.005910964111253855
XGBoost — Full 16 Features,Default threshold,3,4,0.001,0.9908735332464146,0.16260162601626016,0.8373983739837398,990.8735332464146,836560.9756097561,9.126466753585415,162439.0243902439,837551.8491430025,0.0011830593344881197
XGBoost — Full 16 Features,Validation-selected threshold,3,4,0.5,0.7601043024771839,0.7560975609756098,0.24390243902439024,380052.15123859193,121951.21951219512,119947.84876140807,378048.7804878049,502003.3707507871,0.7570709150223291
XGBoost — Full 16 Features,Validation-selected threshold,3,4,0.1,0.7601043024771839,0.7560975609756098,0.24390243902439024,76010.43024771838,219512.19512195123,23989.569752281615,680487.8048780488,295522.62536966964,0.25720680490245657
XGBoost — Full 16 Features,Validation-selected threshold,3,4,0.05,0.7601043024771839,0.7560975609756098,0.24390243902439024,38005.21512385919,231707.31707317074,11994.784876140808,718292.6829268293,269712.5321970299,0.1409100823542589
XGBoost — Full 16 Features,Validation-selected threshold,3,4,0.01,0.7601043024771839,0.7560975609756098,0.24390243902439024,7601.043024771839,241463.41463414635,2398.9569752281614,748536.5853658536,249064.4576589182,0.030518377034675505
XGBoost — Full 16 Features,Validation-selected threshold,3,4,0.005,0.7601043024771839,0.7560975609756098,0.24390243902439024,3800.5215123859193,242682.92682926828,1199.4784876140807,752317.0731707317,246483.4483416542,0.015418972502843123
XGBoost — Full 16 Features,Validation-selected threshold,3,4,0.001,0.7601043024771839,0.7560975609756098,0.24390243902439024,760.1043024771839,243658.53658536586,239.89569752281614,755341.4634146341,244418.64088784304,0.003109845876387042
XGBoost — URL-Only Features,Default threshold,3,4,0.5,0.9986962190352021,0.008130081300813009,0.991869918699187,499348.1095176011,495934.9593495935,651.8904823989425,4065.0406504065045,995283.0688671946,0.5017146630314391
XGBoost — URL-Only Features,Default threshold,3,4,0.1,0.9986962190352021,0.008130081300813009,0.991869918699187,99869.62190352021,892682.9268292682,130.3780964797885,7317.073170731708,992552.5487327884,0.10061897683001846
XGBoost — URL-Only Features,Default threshold,3,4,0.05,0.9986962190352021,0.008130081300813009,0.991869918699187,49934.810951760104,942276.4227642276,65.18904823989425,7723.577235772358,992211.2337159878,0.05032679459266587
XGBoost — URL-Only Features,Default threshold,3,4,0.01,0.9986962190352021,0.008130081300813009,0.991869918699187,9986.962190352022,981951.2195121951,13.037809647978849,8048.780487804879,991938.1817025471,0.010068129621959462
XGBoost — URL-Only Features,Default threshold,3,4,0.005,0.9986962190352021,0.008130081300813009,0.991869918699187,4993.481095176011,986910.569105691,6.518904823989424,8089.430894308944,991904.050200867,0.005034238033572702
XGBoost — URL-Only Features,Default threshold,3,4,0.001,0.9986962190352021,0.008130081300813009,0.991869918699187,998.6962190352021,990878.0487804877,1.3037809647978849,8121.951219512196,991876.7449995229,0.0010068753240461167
XGBoost — URL-Only Features,Validation-selected threshold,3,4,0.5,0.6636245110821382,0.9186991869918699,0.08130081300813008,331812.2555410691,40650.40650406504,168187.74445893092,459349.59349593497,372462.6620451341,0.8908604522105383
XGBoost — URL-Only Features,Validation-selected threshold,3,4,0.1,0.6636245110821382,0.9186991869918699,0.08130081300813008,66362.45110821382,73170.73170731707,33637.54889178619,826829.268292683,139533.1828155309,0.47560336379589324
XGBoost — URL-Only Features,Validation-selected threshold,3,4,0.05,0.6636245110821382,0.9186991869918699,0.08130081300813008,33181.22555410691,77235.77235772357,16818.774445893094,872764.2276422764,110416.99791183049,0.30050831105372544
XGBoost — URL-Only Features,Validation-selected threshold,3,4,0.01,0.6636245110821382,0.9186991869918699,0.08130081300813008,6636.245110821382,80487.80487804877,3363.754889178618,909512.1951219512,87124.04998887016,0.07617007142883214
XGBoost — URL-Only Features,Validation-selected threshold,3,4,0.005,0.6636245110821382,0.9186991869918699,0.08130081300813008,3318.122555410691,80894.30894308943,1681.877444589309,914105.6910569106,84212.43149850013,0.03940181391710307
XGBoost — URL-Only Features,Validation-selected threshold,3,4,0.001,0.6636245110821382,0.9186991869918699,0.08130081300813008,663.6245110821382,81219.51219512195,336.37548891786184,917780.487804878,81883.13670620408,0.008104532114630839
XGBoost — Full 16 Features,Default threshold,3,5,0.5,0.9882659713168188,0.19801980198019803,0.801980198019802,494132.9856584094,400990.099009901,5867.014341590593,99009.90099009902,895123.0846683104,0.5520279770703393
XGBoost — Full 16 Features,Default threshold,3,5,0.1,0.9882659713168188,0.19801980198019803,0.801980198019802,98826.59713168188,721782.1782178219,1173.4028683181186,178217.82178217822,820608.7753495037,0.12043083147580387
XGBoost — Full 16 Features,Default threshold,3,5,0.05,0.9882659713168188,0.19801980198019803,0.801980198019802,49413.29856584094,761881.1881188119,586.7014341590593,188118.81188118813,811294.4866846529,0.06090673531847592
XGBoost — Full 16 Features,Default threshold,3,5,0.01,0.9882659713168188,0.19801980198019803,0.801980198019802,9882.659713168188,793960.396039604,117.34028683181185,196039.60396039605,803843.0557527721,0.012294265208167293
XGBoost — Full 16 Features,Default threshold,3,5,0.005,0.9882659713168188,0.19801980198019803,0.801980198019802,4941.329856584094,797970.297029703,58.670143415905926,197029.70297029705,802911.6268862871,0.006154263671266916
XGBoost — Full 16 Features,Default threshold,3,5,0.001,0.9882659713168188,0.19801980198019803,0.801980198019802,988.2659713168188,801178.2178217822,11.734028683181187,197821.78217821784,802166.4837930991,0.0012319960896941687
XGBoost — Full 16 Features,Validation-selected threshold,3,5,0.5,0.864406779661017,0.6732673267326733,0.3267326732673267,432203.3898305085,163366.33663366333,67796.61016949151,336633.66336633667,595569.7264641719,0.7256973795435334
XGBoost — Full 16 Features,Validation-selected threshold,3,5,0.1,0.864406779661017,0.6732673267326733,0.3267326732673267,86440.67796610169,294059.40594059404,13559.322033898303,605940.594059406,380500.0839066957,0.22717650172003176
XGBoost — Full 16 Features,Validation-selected threshold,3,5,0.05,0.864406779661017,0.6732673267326733,0.3267326732673267,43220.338983050846,310396.03960396035,6779.661016949151,639603.9603960396,353616.3785870112,0.1222238041002278
XGBoost — Full 16 Features,Validation-selected threshold,3,5,0.01,0.864406779661017,0.6732673267326733,0.3267326732673267,8644.06779661017,323465.34653465345,1355.9322033898302,666534.6534653465,332109.41433126363,0.02602777104050449
XGBoost — Full 16 Features,Validation-selected threshold,3,5,0.005,0.864406779661017,0.6732673267326733,0.3267326732673267,4322.033898305085,325099.00990099006,677.9661016949151,669900.9900990099,329421.04379929515,0.013120090472842866
XGBoost — Full 16 Features,Validation-selected threshold,3,5,0.001,0.864406779661017,0.6732673267326733,0.3267326732673267,864.406779661017,326405.94059405936,135.59322033898303,672594.0594059406,327270.3473737204,0.002641262144883305
XGBoost — URL-Only Features,Default threshold,3,5,0.5,0.9960886571056062,0.019801980198019802,0.9801980198019802,498044.32855280314,490099.0099009901,1955.6714471968828,9900.990099009901,988143.3384537932,0.5040203269822401
XGBoost — URL-Only Features,Default threshold,3,5,0.1,0.9960886571056062,0.019801980198019802,0.9801980198019802,99608.86571056063,882178.2178217821,391.1342894393766,17821.78217821782,981787.0835323427,0.10145668789222693
XGBoost — URL-Only Features,Default threshold,3,5,0.05,0.9960886571056062,0.019801980198019802,0.9801980198019802,49804.43285528031,931188.1188118812,195.5671447196883,18811.881188118812,980992.5516671615,0.0507694301762429
XGBoost — URL-Only Features,Default threshold,3,5,0.01,0.9960886571056062,0.019801980198019802,0.9801980198019802,9960.886571056062,970396.0396039604,39.113428943937656,19603.960396039605,980356.9261750164,0.010160469422009074
XGBoost — URL-Only Features,Default threshold,3,5,0.005,0.9960886571056062,0.019801980198019802,0.9801980198019802,4980.443285528031,975297.0297029703,19.556714471968828,19702.970297029704,980277.4729884983,0.005080646472824198
XGBoost — URL-Only Features,Default threshold,3,5,0.001,0.9960886571056062,0.019801980198019802,0.9801980198019802,996.0886571056062,979217.8217821782,3.9113428943937656,19782.178217821784,980213.9104392838,0.0010161951860683228
XGBoost — URL-Only Features,Validation-selected threshold,3,5,0.5,0.6701434159061278,0.9405940594059405,0.05940594059405946,335071.7079530639,29702.97029702973,164928.2920469361,470297.0297029703,364774.6782500936,0.9185717318989313
XGBoost — URL-Only Features,Validation-selected threshold,3,5,0.1,0.6701434159061278,0.9405940594059405,0.05940594059405946,67014.34159061278,53465.346534653516,32985.65840938722,846534.6534653464,120479.68812526629,0.5562293747053527
XGBoost — URL-Only Features,Validation-selected threshold,3,5,0.05,0.6701434159061278,0.9405940594059405,0.05940594059405946,33507.17079530639,56435.643564356484,16492.82920469361,893564.3564356435,89942.81435966288,0.3725386072679256
XGBoost — URL-Only Features,Validation-selected threshold,3,5,0.01,0.6701434159061278,0.9405940594059405,0.05940594059405946,6701.4341590612785,58811.88118811887,3298.565840938722,931188.1188118812,65513.31534718015,0.10229117735147142
XGBoost — URL-Only Features,Validation-selected threshold,3,5,0.005,0.6701434159061278,0.9405940594059405,0.05940594059405946,3350.7170795306392,59108.91089108916,1649.282920469361,935891.0891089109,62459.6279706198,0.05364612612016795
XGBoost — URL-Only Features,Validation-selected threshold,3,5,0.001,0.6701434159061278,0.9405940594059405,0.05940594059405946,670.1434159061278,59346.5346534654,329.8565840938722,939653.4653465346,60016.67806937153,0.011165953156079857
